{
  "n": 12,
  "d": 60,
  "k": 4,
  "gap": 0.08,
  "T": 150,
  "L": 6,
  "omega": 0.15995316126352677,
  "beta_star": 0.0014694444444444447,
  "adepm_final": 1.4659015050749618e-15,
  "depm_final": 3.3039793694706713e-06,
  "adepm_min": 1.2129472583390066e-15,
  "depm_min": 3.3039793694706713e-06,
  "accelerated_lower": true
}